{"cameraMode":{"drawMode":0,"name":"Shaded","section":"Shading Mode"},"sceneLighting":true,"audioPlay":false,"sceneViewState":{"showFog":true,"showMaterialUpdate":false,"showSkybox":false,"showFlares":true,"showImageEffects":true,"showParticleSystems":true},"in2DMode":false,"pivot":{"x":-1.2123534679412842,"y":-9.96184253692627,"z":0.4850435256958008},"rotation":{"x":-0.14529213309288026,"y":-0.00862624030560255,"z":0.0012583255302160979,"w":-0.9893774390220642},"size":40.010372161865237,"orthographic":false}