{"cameraMode":{"drawMode":0,"name":"Shaded","section":"Shading Mode"},"sceneLighting":true,"audioPlay":false,"sceneViewState":{"showFog":true,"showMaterialUpdate":false,"showSkybox":false,"showFlares":true,"showImageEffects":true,"showParticleSystems":true},"in2DMode":false,"pivot":{"x":-1.4599533081054688,"y":3.2601499557495119,"z":4.458979606628418},"rotation":{"x":-0.14529213309288026,"y":-0.00862624030560255,"z":0.0012583255302160979,"w":-0.9893774390220642},"size":40.010372161865237,"orthographic":false}